<?xml version="1.0" encoding="UTF-8" standalone="yes"?>
<addon id="repository.dmt" name="[COLOR purple]DabManTrips[/COLOR]" version="1.0.0" provider-name="DabManTrips">
    <extension point="xbmc.addon.repository" name="[COLOR purple]DabManTrips[/COLOR]">
    <dir>
        <info compressed="false">https://raw.githubusercontent.com/DabManTrips/repo/master/addons.xml</info>
        <checksum>https://raw.githubusercontent.com/DabManTrips/repo/master/addons.xml.md5</checksum>
        <datadir zip="true">https://raw.githubusercontent.com/DabManTrips/repo/master/zips/</datadir>
    </dir>
	<dir>
            <info compressed="false">https://raw.githubusercontent.com/Gujal00/smrzips/master/addons.xml</info>
            <checksum>https://raw.githubusercontent.com/Gujal00/smrzips/master/addons.xml.md5</checksum>
            <datadir zip="true">https://raw.githubusercontent.com/Gujal00/smrzips/master/zips/</datadir>
    </dir>
    </extension>
    <extension point="xbmc.addon.metadata">
        <summary>Free the People, Free the World!</summary>
        <description>DabManTrips's Official Repository</description>
        <platform>all</platform>
        <assets>
            <icon>icon.png</icon>
            <fanart>icon.png</fanart>
        </assets>
    </extension>
</addon>